City_ID,City,Country,Date,Lat,Lng,Max Temp,Humidity,Cloudiness,Wind Speed
0,Vaini,TO,2022-04-13 16:55:47,-21.2,-175.2,71.76,100,20,4.61
1,Novo Aripuana,BR,2022-04-13 16:55:48,-5.1206,-60.3797,90.27,53,98,3.47
2,Tasiilaq,GL,2022-04-13 16:55:48,65.6145,-37.6368,29.84,75,100,7.16
3,Bintulu,MY,2022-04-13 16:55:49,3.1667,113.0333,75.61,94,40,7.0
4,Darnah,LY,2022-04-13 16:55:06,32.767,22.6367,61.48,66,20,16.67
5,Hohhot,CN,2022-04-13 16:50:51,40.8106,111.6522,41.29,30,0,11.18
6,Nemuro,JP,2022-04-13 16:55:49,43.3236,145.575,31.82,80,100,16.22
7,Kaeo,NZ,2022-04-13 16:55:50,-35.1,173.7833,58.32,89,51,7.43
8,Kefamenanu,ID,2022-04-13 16:55:50,-9.4467,124.4781,70.7,89,99,2.39
9,Pangnirtung,CA,2022-04-13 16:55:51,66.1451,-65.7125,-0.4,78,40,8.05
10,Rikitea,PF,2022-04-13 16:55:51,-23.1203,-134.9692,78.35,70,4,16.67
11,Mar Del Plata,AR,2022-04-13 16:52:29,-38.0023,-57.5575,68.02,41,0,11.99
12,Atuona,PF,2022-04-13 16:55:51,-9.8,-139.0333,77.95,81,46,18.01
13,Kavieng,PG,2022-04-13 16:55:52,-2.5744,150.7967,81.73,78,87,9.06
14,Margate,GB,2022-04-13 16:55:52,51.3813,1.3862,60.31,66,75,4.0
15,Dikson,RU,2022-04-13 16:55:53,73.5069,80.5464,27.45,93,100,13.62
16,Ahipara,NZ,2022-04-13 16:55:53,-35.1667,173.1667,61.66,73,74,12.88
17,Plainview,US,2022-04-13 16:55:53,40.7765,-73.4673,71.96,59,79,5.99
18,Manavalakurichi,IN,2022-04-13 16:55:54,8.1333,77.3,78.51,87,100,5.68
19,Ushuaia,AR,2022-04-13 16:51:32,-54.8,-68.3,49.66,57,75,11.5
20,Georgetown,MY,2022-04-13 16:55:54,5.4112,100.3354,80.55,89,20,7.0
21,Bubaque,GW,2022-04-13 16:55:55,11.2833,-15.8333,75.2,74,100,16.71
22,Albufeira,PT,2022-04-13 16:55:55,37.0882,-8.2503,71.02,54,23,17.11
23,New Norfolk,AU,2022-04-13 16:55:56,-42.7826,147.0587,51.71,73,6,3.36
24,Bethel,US,2022-04-13 16:55:56,41.3712,-73.414,71.02,55,97,7.36
25,Hobart,AU,2022-04-13 16:55:56,-42.8794,147.3294,52.05,83,3,8.05
26,Busselton,AU,2022-04-13 16:55:57,-33.65,115.3333,54.52,86,0,8.97
27,Tiksi,RU,2022-04-13 16:55:57,71.6872,128.8694,-15.65,100,100,1.86
28,Hilo,US,2022-04-13 16:55:58,19.7297,-155.09,73.27,93,75,3.0
29,Cape Town,ZA,2022-04-13 16:53:44,-33.9258,18.4232,69.12,84,20,19.57
30,Mataura,NZ,2022-04-13 16:55:58,-46.1927,168.8643,43.48,98,46,2.62
31,Avarua,CK,2022-04-13 16:55:59,-21.2078,-159.775,73.45,100,4,2.3
32,Salalah,OM,2022-04-13 16:55:59,17.0151,54.0924,81.3,74,0,0.81
33,Albany,US,2022-04-13 16:55:27,42.6001,-73.9662,70.74,31,85,4.0
34,Beloha,MG,2022-04-13 16:56:00,-25.1667,45.05,76.15,76,26,8.46
35,Kapaa,US,2022-04-13 16:56:00,22.0752,-159.319,73.72,96,75,10.36
36,Bambous Virieux,MU,2022-04-13 16:56:00,-20.3428,57.7575,79.21,88,75,14.97
37,Dingle,PH,2022-04-13 16:56:01,10.9995,122.6711,75.38,87,100,2.46
38,Puerto Ayora,EC,2022-04-13 16:56:01,-0.7393,-90.3518,82.36,79,51,9.69
39,Berlevag,NO,2022-04-13 16:51:32,70.8578,29.0864,28.35,64,0,10.36
40,Daneasa,RO,2022-04-13 16:56:02,44.15,24.5667,51.89,46,21,3.83
41,Mahebourg,MU,2022-04-13 16:56:02,-20.4081,57.7,79.25,88,75,14.97
42,Kulhudhuffushi,MV,2022-04-13 16:56:03,6.6221,73.07,83.89,75,99,11.21
43,Bredasdorp,ZA,2022-04-13 16:56:03,-34.5322,20.0403,64.69,89,100,8.7
44,Elsfleth,DE,2022-04-13 16:57:03,53.2375,8.4566,66.18,69,88,6.71
45,Grindavik,IS,2022-04-13 16:57:04,63.8424,-22.4338,49.95,71,100,20.71
46,Pacific Grove,US,2022-04-13 16:57:04,36.6177,-121.9166,54.41,56,19,10.0
47,Provideniya,RU,2022-04-13 16:57:04,64.3833,-173.3,17.8,92,100,19.48
48,Guerrero Negro,MX,2022-04-13 16:57:05,27.9769,-114.0611,65.3,46,12,7.61
49,Sioux Lookout,CA,2022-04-13 16:57:05,50.1001,-91.917,33.87,64,100,13.8
50,Gourdon,FR,2022-04-13 16:57:05,44.75,1.5,58.32,73,100,4.61
51,Saint George,US,2022-04-13 16:53:10,37.1041,-113.5841,50.43,19,0,4.61
52,Miraflores,MX,2022-04-13 16:57:06,19.2167,-98.8083,72.03,30,100,2.26
53,Nadym,RU,2022-04-13 16:57:07,65.5333,72.5167,34.61,100,100,9.78
54,Butaritari,KI,2022-04-13 16:57:07,3.0707,172.7902,81.61,77,16,16.22
55,Sola,VU,2022-04-13 16:57:07,-13.8833,167.55,81.68,75,23,12.73
56,Shikarpur,PK,2022-04-13 16:57:08,27.9571,68.6379,87.69,20,16,8.21
57,Winnipeg,CA,2022-04-13 16:56:53,49.8844,-97.147,31.08,96,100,28.77
58,Verkhnevilyuysk,RU,2022-04-13 16:57:08,63.4453,120.3167,26.94,90,100,7.7
59,Omboue,GA,2022-04-13 16:57:09,-1.5746,9.2618,80.13,81,99,7.99
60,Naryan-Mar,RU,2022-04-13 16:57:09,67.6713,53.087,29.1,96,100,7.78
61,Vadso,NO,2022-04-13 16:57:09,70.0744,29.7487,32.88,74,75,5.75
62,Hermanus,ZA,2022-04-13 16:57:10,-34.4187,19.2345,66.79,90,99,10.38
63,Kodiak,US,2022-04-13 16:57:10,57.79,-152.4072,36.73,74,100,10.18
64,Port Alfred,ZA,2022-04-13 16:57:11,-33.5906,26.891,67.17,92,2,1.01
65,Zhezkazgan,KZ,2022-04-13 16:57:11,47.8043,67.7144,58.82,42,26,9.17
66,Kashiwazaki,JP,2022-04-13 16:57:11,37.3667,138.55,51.89,89,100,12.06
67,Jamestown,US,2022-04-13 16:57:12,42.097,-79.2353,67.59,94,100,10.36
68,Kruisfontein,ZA,2022-04-13 16:57:12,-34.0033,24.7314,60.89,82,4,8.28
69,Lorengau,PG,2022-04-13 16:57:12,-2.0226,147.2712,80.85,76,24,6.78
70,Bakhtiyarpur,IN,2022-04-13 16:57:13,25.4667,85.5167,86.02,22,82,4.88
71,Avera,US,2022-04-13 16:57:13,33.194,-82.5271,74.71,52,100,12.82
72,Areosa,PT,2022-04-13 16:57:13,41.7178,-8.8571,61.14,76,32,12.46
73,Simnas,LT,2022-04-13 16:57:14,54.4,23.65,47.95,56,61,2.68
74,Saint-Philippe,RE,2022-04-13 16:57:14,-21.3585,55.7679,74.79,88,92,17.18
75,Qaanaaq,GL,2022-04-13 16:57:14,77.484,-69.3632,1.96,92,100,6.02
76,Trelew,AR,2022-04-13 16:57:15,-43.249,-65.3051,65.35,34,6,10.54
77,Gat,IL,2022-04-13 16:57:15,31.61,34.7642,63.39,100,69,10.4
78,Laguna,US,2022-04-13 16:52:46,38.421,-121.4238,54.43,65,96,3.0
79,Punta Arenas,CL,2022-04-13 16:57:16,-53.15,-70.9167,59.11,58,40,31.07
80,Vidim,RU,2022-04-13 16:57:16,56.4088,103.1106,24.31,93,59,2.91
81,Turan,VN,2022-04-13 16:57:16,16.0678,108.2208,76.98,88,40,0.0
82,Mitchell,US,2022-04-13 16:56:47,43.7094,-98.0298,34.74,50,6,32.99
83,Am Timan,TD,2022-04-13 16:57:17,11.0297,20.2827,97.5,22,56,4.36
84,Banda Aceh,ID,2022-04-13 16:57:17,5.5577,95.3222,81.91,77,91,3.62
85,Quang Ngai,VN,2022-04-13 16:57:18,15.1167,108.8,75.2,91,84,2.57
86,Flinders,AU,2022-04-13 16:57:18,-34.5833,150.8552,60.19,93,85,5.01
87,Keetmanshoop,NA,2022-04-13 16:55:14,-26.5833,18.1333,85.12,15,0,1.14
88,Hobyo,SO,2022-04-13 16:57:19,5.3505,48.5268,82.96,73,55,13.96
89,Burnie,AU,2022-04-13 16:57:19,-41.0667,145.9167,52.92,80,14,2.24
90,Moissala,TD,2022-04-13 16:57:19,8.3404,17.7663,78.24,70,96,2.51
91,Bonthe,SL,2022-04-13 16:58:20,7.5264,-12.505,84.31,67,98,13.53
92,Iaciara,BR,2022-04-13 16:58:21,-14.0958,-46.6317,90.45,41,42,3.4
93,Lebu,CL,2022-04-13 16:58:21,-37.6167,-73.65,57.29,65,0,19.51
94,Te Anau,NZ,2022-04-13 16:58:21,-45.4167,167.7167,41.81,89,49,0.74
95,Caravelas,BR,2022-04-13 16:58:22,-17.7125,-39.2481,83.89,65,54,6.44
96,Khani,GE,2022-04-13 16:58:22,41.9563,42.9566,33.37,99,99,3.78
97,Mala,PE,2022-04-13 16:58:23,-12.6581,-76.6308,72.14,71,27,8.84
98,Muros,ES,2022-04-13 16:58:23,42.7762,-9.0603,64.69,78,11,12.03
99,Ciudad Bolivar,VE,2022-04-13 16:58:23,8.1222,-63.5497,98.1,27,88,10.56
100,Hamilton,US,2022-04-13 16:58:24,39.1834,-84.5333,66.34,88,100,4.0
101,Belmonte,BR,2022-04-13 16:58:25,-15.8631,-38.8828,82.33,70,43,9.08
102,San Carlos,VE,2022-04-13 16:58:26,9.6612,-68.5827,97.45,27,29,7.38
103,Pudozh,RU,2022-04-13 16:58:26,61.8099,36.5345,31.6,94,78,4.7
104,Kahului,US,2022-04-13 16:55:26,20.8947,-156.47,75.85,80,94,5.01
105,Bluff,NZ,2022-04-13 16:58:26,-46.6,168.3333,43.81,83,84,12.57
106,Shingu,JP,2022-04-13 16:58:27,33.7333,135.9833,64.06,93,91,4.25
107,Alofi,NU,2022-04-13 16:58:27,-19.0595,-169.9187,73.29,100,9,1.14
108,Khatanga,RU,2022-04-13 16:56:43,71.9667,102.5,16.93,96,100,9.04
109,Beringovskiy,RU,2022-04-13 16:58:28,63.05,179.3167,23.77,96,100,12.12
110,Aguimes,ES,2022-04-13 16:57:56,27.9054,-15.4461,68.63,56,20,25.32
111,Lavrentiya,RU,2022-04-13 16:55:30,65.5833,-171.0,13.68,91,72,9.93
112,Saskylakh,RU,2022-04-13 16:58:28,71.9167,114.0833,-6.9,100,98,4.79
113,San Rafael,AR,2022-04-13 16:58:28,-34.6177,-68.3301,73.44,23,0,6.44
114,Lasa,IT,2022-04-13 16:58:30,46.6166,10.7002,61.7,88,99,2.89
115,Necochea,AR,2022-04-13 16:55:22,-38.5473,-58.7368,63.43,50,1,14.79
116,Bat Khela,PK,2022-04-13 16:58:30,34.6167,71.9714,70.77,45,60,6.69
117,Thompson,CA,2022-04-13 16:58:02,55.7435,-97.8558,19.56,79,75,16.11
118,Ust-Ishim,RU,2022-04-13 16:58:31,57.6935,71.1665,37.99,87,100,8.03
119,Yellowknife,CA,2022-04-13 16:58:31,62.456,-114.3525,9.41,63,20,4.61
120,Olafsvik,IS,2022-04-13 16:58:32,64.8945,-23.7142,42.93,73,98,9.1
121,Fortuna,US,2022-04-13 16:54:00,40.5982,-124.1573,48.92,85,0,11.5
122,Saldanha,ZA,2022-04-13 16:58:32,-33.0117,17.9442,69.85,92,100,19.26
123,Port Elizabeth,ZA,2022-04-13 16:58:33,-33.918,25.5701,64.09,95,75,12.66
124,Codrington,AU,2022-04-13 16:58:33,-38.2667,141.9667,52.43,90,38,5.91
125,Nizhniy Kuranakh,RU,2022-04-13 16:58:33,58.8353,125.4869,20.19,96,100,4.32
126,Cherskiy,RU,2022-04-13 16:58:34,68.75,161.3,-7.13,98,58,5.95
127,Namibe,AO,2022-04-13 16:54:18,-15.1961,12.1522,76.1,81,4,8.55
128,Wanaka,NZ,2022-04-13 16:58:35,-44.7,169.15,41.11,94,2,1.99
129,Dwarka,IN,2022-04-13 16:58:36,22.2394,68.9678,80.44,83,0,11.3
130,Eregli,TR,2022-04-13 16:58:36,37.5133,34.0467,42.33,42,7,9.48
131,Nikolskoye,RU,2022-04-13 16:58:37,59.7035,30.7861,39.79,92,11,3.85
132,Aklavik,CA,2022-04-13 16:58:37,68.2191,-135.0107,12.2,79,100,11.5
133,Ingham,US,2022-04-13 16:58:37,42.6,-84.3833,67.95,88,100,6.91
134,Chardara,KZ,2022-04-13 16:58:38,41.2547,67.9692,67.05,50,0,8.03
135,Luderitz,NA,2022-04-13 16:58:38,-26.6481,15.1594,64.53,78,24,10.87
136,Mirabad,AF,2022-04-13 16:58:39,30.4362,61.8383,85.59,8,2,7.16
137,Ixtapa,MX,2022-04-13 16:58:39,20.7,-105.2,90.68,38,55,5.64
138,Port Augusta,AU,2022-04-13 16:59:40,-32.5,137.7667,67.75,37,67,5.41
139,Vanavara,RU,2022-04-13 16:59:40,60.34,102.2797,30.78,92,100,15.79
140,Ahuimanu,US,2022-04-13 16:59:40,21.4447,-157.8378,74.19,80,96,1.01
141,Mecca,SA,2022-04-13 16:59:41,21.4267,39.8261,87.24,33,2,5.61
142,Shache,CN,2022-04-13 16:59:41,38.4167,77.2406,69.62,21,100,4.56
143,Ziro,IN,2022-04-13 16:59:42,27.6333,93.8333,53.92,97,73,0.63
144,Yulara,AU,2022-04-13 16:56:46,-25.2406,130.9889,82.24,26,99,4.61
145,Sao Filipe,CV,2022-04-13 16:59:42,14.8961,-24.4956,71.89,72,42,15.17
146,Kavaratti,IN,2022-04-13 16:59:43,10.5669,72.642,84.87,68,100,3.15
147,Abalak,RU,2022-04-13 16:59:43,58.1286,68.5944,39.85,86,99,9.73
148,Quatre Cocos,MU,2022-04-13 16:59:43,-20.2078,57.7625,79.09,84,58,21.0
149,Huangnihe,CN,2022-04-13 16:59:44,43.5583,128.0239,38.1,53,76,3.49
150,Chimbote,PE,2022-04-13 16:54:59,-9.0853,-78.5783,71.74,72,35,11.39
151,Sitka,US,2022-04-13 16:59:44,57.0531,-135.33,36.1,39,0,4.23
152,Chokurdakh,RU,2022-04-13 16:59:45,70.6333,147.9167,-19.34,100,79,3.85
153,Ulladulla,AU,2022-04-13 16:59:45,-35.35,150.4667,59.9,87,5,4.21
154,Whitehorse,CA,2022-04-13 16:57:15,60.7161,-135.0538,2.17,66,0,0.0
155,Virginia Beach,US,2022-04-13 16:59:46,36.8529,-75.978,83.05,52,85,10.2
156,Tilichiki,RU,2022-04-13 16:59:46,60.4667,166.1,15.94,94,100,8.32
157,Arraial Do Cabo,BR,2022-04-13 16:59:46,-22.9661,-42.0278,87.76,70,0,16.11
158,Hithadhoo,MV,2022-04-13 16:59:47,-0.6,73.0833,84.45,70,53,11.95
159,Clyde River,CA,2022-04-13 16:59:47,70.4692,-68.5914,-1.97,78,40,3.44
160,Calama,CL,2022-04-13 16:59:48,-22.4667,-68.9333,68.49,8,0,9.22
161,Norman Wells,CA,2022-04-13 16:59:48,65.282,-126.8329,8.64,56,20,3.44
162,Anadyr,RU,2022-04-13 16:59:48,64.75,177.4833,27.1,93,75,22.37
163,Evensk,RU,2022-04-13 16:57:22,61.95,159.2333,19.72,91,100,11.25
164,Sur,OM,2022-04-13 16:59:49,22.5667,59.5289,87.91,28,0,5.28
165,High Level,CA,2022-04-13 16:59:49,58.5169,-117.136,8.71,66,20,5.75
166,Tottori,JP,2022-04-13 16:59:50,35.5,134.2333,55.92,94,100,5.03
167,Palu,ID,2022-04-13 16:59:50,-0.8917,119.8707,76.82,89,98,1.97
168,Malyye Derbety,RU,2022-04-13 16:59:51,47.9547,44.6808,45.82,64,83,17.49
169,Visby,SE,2022-04-13 16:59:10,57.6409,18.296,44.82,53,0,10.36
170,Constitucion,CL,2022-04-13 16:59:51,-35.3333,-72.4167,64.11,44,4,11.32
171,Tarazona,ES,2022-04-13 16:59:52,41.9,-1.7333,60.62,65,100,9.57
172,Pisco,PE,2022-04-13 16:59:52,-13.7,-76.2167,69.03,73,6,8.05
173,Kattivakkam,IN,2022-04-13 16:59:52,13.2167,80.3167,86.09,84,33,5.82
174,Barrow,US,2022-04-13 16:55:02,71.2906,-156.7887,-14.8,100,38,4.18
175,Torbay,CA,2022-04-13 16:59:53,47.6666,-52.7314,38.28,93,100,20.71
176,Leh,IN,2022-04-13 16:59:53,34.1667,77.5833,36.63,60,100,2.59
177,Krasnokamsk,RU,2022-04-13 16:59:54,58.0802,55.7541,46.56,97,100,0.78
178,Cockburn Town,TC,2022-04-13 16:56:42,21.4612,-71.1419,80.56,74,40,20.71
179,Dzitas,MX,2022-04-13 16:59:54,20.85,-88.5167,95.65,36,70,11.01
180,Rio Gallegos,AR,2022-04-13 16:59:55,-51.6226,-69.2181,62.65,39,20,14.97
181,Coquimbo,CL,2022-04-13 17:00:55,-29.9533,-71.3436,63.97,68,1,4.25
182,Cabo San Lucas,MX,2022-04-13 17:00:55,22.8909,-109.9124,83.61,57,62,1.99
183,Keuruu,FI,2022-04-13 17:00:56,62.2667,24.7,42.98,90,95,2.75
184,Yarim,YE,2022-04-13 17:00:56,14.298,44.3779,62.78,39,9,5.95
185,Son La,VN,2022-04-13 17:00:57,21.3167,103.9,71.38,79,0,4.76
186,Sembe,CG,2022-04-13 17:00:57,1.6481,14.5806,73.98,94,98,2.93
187,Manaure,CO,2022-04-13 17:00:58,11.7751,-72.4445,90.09,47,60,26.8
188,Longyearbyen,SJ,2022-04-13 17:00:58,78.2186,15.6401,21.04,86,75,5.75
189,Ambon,ID,2022-04-13 17:00:59,-3.6954,128.1814,80.55,77,97,3.31
190,Tommot,RU,2022-04-13 17:00:59,58.9564,126.2925,19.22,97,100,2.75
191,Sucua,EC,2022-04-13 17:00:59,-2.4667,-78.1667,68.74,100,100,2.3
192,Korla,CN,2022-04-13 17:01:00,41.7597,86.1469,60.35,33,81,7.54
193,Ponte San Nicolo,IT,2022-04-13 17:01:00,45.3705,11.9211,66.25,40,100,1.01
194,Nyurba,RU,2022-04-13 17:01:02,63.2842,118.3319,27.77,96,100,10.65
195,Fenoarivo,MG,2022-04-13 17:01:02,-18.933,47.4354,61.43,95,47,6.71
196,Aripuana,BR,2022-04-13 16:56:26,-9.1667,-60.6333,86.5,74,80,1.7
197,Varhaug,NO,2022-04-13 17:01:03,58.6147,5.6457,49.55,78,98,14.18
198,Mogadishu,SO,2022-04-13 17:01:04,2.0371,45.3438,82.71,75,72,14.7
199,Kaitangata,NZ,2022-04-13 17:01:05,-46.2817,169.8464,42.48,90,44,5.48
200,Yanam,IN,2022-04-13 17:01:05,16.7333,82.2167,78.94,92,38,3.67
201,Santiago Del Estero,AR,2022-04-13 17:01:05,-27.7951,-64.2615,68.4,60,82,2.77
202,Xuanhua,CN,2022-04-13 17:01:06,40.6103,115.0447,47.93,25,43,10.13
203,Kidal,ML,2022-04-13 16:57:48,18.4411,1.4078,100.53,4,100,11.9
204,Emerald,AU,2022-04-13 17:01:07,-23.5333,148.1667,69.35,76,51,10.09
205,Huanren,CN,2022-04-13 17:01:07,41.2647,125.3667,42.22,61,99,0.58
206,Airai,TL,2022-04-13 16:59:35,-8.9266,125.4092,59.88,92,100,1.66
207,Mount Isa,AU,2022-04-13 17:01:08,-20.7333,139.5,80.37,29,5,5.75
208,Bathsheba,BB,2022-04-13 17:01:09,13.2167,-59.5167,81.46,63,64,17.16
209,Deputatskiy,RU,2022-04-13 17:01:10,69.3,139.9,-3.55,100,100,2.37
210,Ponta Do Sol,PT,2022-04-13 17:01:10,32.6667,-17.1,68.72,78,83,1.19
211,Atasu,KZ,2022-04-13 17:01:11,48.6814,71.6433,53.89,34,13,8.34
212,Kyra,RU,2022-04-13 17:01:12,49.5776,111.9753,28.35,61,92,5.28
213,Isangel,VU,2022-04-13 17:01:12,-19.55,169.2667,77.29,86,10,5.17
214,Nanortalik,GL,2022-04-13 17:01:13,60.1432,-45.2371,38.93,72,96,5.39
215,Karratha,AU,2022-04-13 17:01:13,-20.7377,116.8463,80.55,52,55,6.49
216,Vestmannaeyjar,IS,2022-04-13 17:01:14,63.4427,-20.2734,43.79,81,75,36.82
217,Andenes,NO,2022-04-13 17:01:14,69.3143,16.1194,35.92,87,75,5.75
218,Nalut,LY,2022-04-13 17:01:15,30.3333,10.85,89.06,7,94,11.72
219,Namatanai,PG,2022-04-13 17:01:15,-3.6667,152.4333,79.25,81,55,6.64
220,Puri,IN,2022-04-13 17:01:16,19.8,85.85,82.92,84,38,23.09
221,Boyolangu,ID,2022-04-13 17:01:17,-8.1181,111.8935,74.88,89,29,1.14
222,Cap Malheureux,MU,2022-04-13 17:01:17,-19.9842,57.6142,79.47,82,21,8.99
223,Padang,ID,2022-04-13 17:01:18,-0.9492,100.3543,79.32,86,100,2.06
224,Turukhansk,RU,2022-04-13 17:01:19,65.8167,87.9833,32.95,98,100,13.96
225,Senneterre,CA,2022-04-13 17:01:19,48.3835,-77.2328,46.18,64,98,2.91
226,Chuy,UY,2022-04-13 17:01:20,-33.6971,-53.4616,71.73,35,40,8.84
227,Leningradskiy,RU,2022-04-13 17:01:20,69.3833,178.4167,-7.44,97,77,11.23
228,Karpogory,RU,2022-04-13 17:02:20,64.0019,44.4451,32.05,98,100,11.23
229,Severo-Kurilsk,RU,2022-04-13 17:02:21,50.6789,156.125,29.46,94,100,15.88
230,Tuktoyaktuk,CA,2022-04-13 17:02:21,69.4541,-133.0374,-3.23,89,81,11.18
231,Christchurch,NZ,2022-04-13 16:59:47,-43.5333,172.6333,42.42,100,20,2.3
232,Okhotsk,RU,2022-04-13 17:02:22,59.3833,143.3,8.38,78,34,12.55
233,Surt,LY,2022-04-13 17:02:22,31.2089,16.5887,69.08,50,100,24.34
234,Srednekolymsk,RU,2022-04-13 17:02:23,67.45,153.6833,-20.69,100,93,3.74
235,Clonakilty,IE,2022-04-13 17:02:23,51.6231,-8.8706,58.21,83,40,10.09
236,Narsaq,GL,2022-04-13 17:02:23,60.9167,-46.05,52.02,54,100,10.27
237,Bengkulu,ID,2022-04-13 16:58:27,-3.8004,102.2655,76.96,86,25,3.91
238,Mandera,KE,2022-04-13 17:02:18,3.9366,41.867,90.59,42,89,9.06
239,Biak,ID,2022-04-13 17:02:24,-0.9131,122.8766,77.61,81,100,1.86
240,Bolshoye Murashkino,RU,2022-04-13 17:02:24,55.7826,44.7754,48.07,85,92,6.69
241,Duverge,DO,2022-04-13 17:02:25,18.3784,-71.5247,87.85,35,49,11.32
242,Tarboro,US,2022-04-13 16:59:55,35.8968,-77.5358,82.11,53,0,8.05
243,Rawson,AR,2022-04-13 17:00:38,-43.3002,-65.1023,62.87,41,4,5.66
244,Monrovia,LR,2022-04-13 16:58:34,6.3005,-10.7969,80.28,80,96,12.73
245,Acajutla,SV,2022-04-13 17:02:26,13.5928,-89.8275,88.14,58,90,9.86
246,Abu Samrah,SY,2022-04-13 17:02:26,35.3029,37.1841,57.97,38,3,3.85
247,Abha,SA,2022-04-13 17:02:26,18.2164,42.5053,67.24,38,4,1.05
248,Pombia,IT,2022-04-13 17:02:27,45.653,8.6336,66.47,45,98,4.5
249,Elizabeth City,US,2022-04-13 16:58:25,36.2946,-76.2511,83.05,62,73,1.99
250,Tuzha,RU,2022-04-13 17:02:27,57.6062,47.936,40.44,97,100,3.29
251,Konya,TR,2022-04-13 17:02:27,38.1667,32.5,40.48,41,8,7.65
252,Miyako,JP,2022-04-13 17:02:28,39.6367,141.9525,42.76,88,100,10.11
253,Kuching,MY,2022-04-13 17:00:33,1.55,110.3333,75.42,100,20,1.14
254,Mikasa,JP,2022-04-13 17:02:28,43.251,141.9043,38.75,85,96,3.49
255,Madang,PG,2022-04-13 17:02:29,-5.2246,145.7966,76.71,89,71,2.71
256,Carutapera,BR,2022-04-13 17:02:29,-1.195,-46.02,80.73,89,86,6.55
257,Ancud,CL,2022-04-13 17:01:56,-41.8697,-73.8203,61.23,68,37,3.71
258,Sinjar,IQ,2022-04-13 17:02:30,36.3209,41.8754,52.95,25,0,9.17
259,Myaundzha,RU,2022-04-13 17:02:30,63.0494,147.1858,-14.55,97,27,3.76
260,Paita,PE,2022-04-13 17:02:31,-5.0892,-81.1144,75.24,68,44,13.18
261,Sungairaya,ID,2022-04-13 17:02:31,0.7,108.9,79.5,78,95,0.89
262,Ambilobe,MG,2022-04-13 17:02:31,-13.2,49.05,75.42,86,79,2.3
263,Samarai,PG,2022-04-13 16:57:53,-10.6167,150.6667,83.1,76,18,11.27
264,Portland,US,2022-04-13 17:00:33,45.5234,-122.6762,41.74,91,100,8.99
265,Carnarvon,AU,2022-04-13 17:02:32,-24.8667,113.6333,75.78,47,0,20.54
266,Cururupu,BR,2022-04-13 16:57:47,-1.8283,-44.8683,84.45,72,79,6.22
267,East London,ZA,2022-04-13 17:02:32,-33.0153,27.9116,71.69,80,2,3.13
268,Lata,PT,2022-04-13 17:02:33,40.1629,-8.3327,63.91,61,82,10.09
269,Mount Gambier,AU,2022-04-13 17:02:33,-37.8333,140.7667,48.11,100,68,6.91
270,Roald,NO,2022-04-13 17:01:17,62.5833,6.1333,49.12,61,0,13.8
271,Ostrovnoy,RU,2022-04-13 17:02:34,68.0531,39.5131,21.36,88,100,4.14
272,Ajdabiya,LY,2022-04-13 17:02:34,30.7554,20.2263,76.55,18,48,14.88
273,Boa Vista,BR,2022-04-13 17:02:35,2.8197,-60.6733,86.65,51,78,12.3
274,Kolosovka,RU,2022-04-13 17:02:35,56.4678,73.611,41.72,81,57,9.26
275,Esperance,AU,2022-04-13 17:03:36,-33.8667,121.9,62.44,86,76,17.18
276,Ialibu,PG,2022-04-13 17:03:37,-6.2821,143.9935,56.73,98,99,2.35
277,Ninotsminda,GE,2022-04-13 17:03:37,41.2646,43.5916,17.85,98,100,2.77
278,Castrillon,ES,2022-04-13 17:03:38,43.3979,-6.7922,57.43,79,95,2.77
279,Port Hardy,CA,2022-04-13 17:03:38,50.6996,-127.4199,38.86,52,38,9.66
280,Vila Franca Do Campo,PT,2022-04-13 17:03:39,37.7167,-25.4333,64.81,85,60,22.17
281,Tura,IN,2022-04-13 16:59:03,25.5198,90.2201,74.68,87,78,7.7
282,Kutum,SD,2022-04-13 17:03:40,14.2,24.6667,84.09,10,1,9.06
283,Taybad,IR,2022-04-13 17:03:41,34.74,60.7756,76.78,13,3,6.17
284,Hinton,CA,2022-04-13 17:01:58,53.4001,-117.5857,17.19,70,100,6.26
285,Petropavlovsk-Kamchatskiy,RU,2022-04-13 17:03:43,53.0452,158.6483,24.15,85,100,7.07
286,Katsuura,JP,2022-04-13 17:03:43,35.1333,140.3,60.3,97,62,11.01
287,Cidreira,BR,2022-04-13 17:03:44,-30.1811,-50.2056,69.1,79,98,11.34
288,Asau,RO,2022-04-13 17:03:44,46.4333,26.4,52.72,61,58,7.38
289,Pantai Remis,MY,2022-04-13 17:03:45,4.4557,100.6288,80.02,84,100,5.97
290,Naze,JP,2022-04-13 17:03:46,28.3667,129.4833,67.48,89,25,6.89
291,Woodward,US,2022-04-13 17:02:40,36.4337,-99.3904,51.03,31,75,18.41
292,Ratnagiri,IN,2022-04-13 17:03:47,16.9833,73.3,83.52,66,100,5.46
293,Santo Antonio Do Ica,BR,2022-04-13 17:03:48,-3.1022,-67.9397,77.41,94,100,4.41
294,Port Blair,IN,2022-04-13 17:03:49,11.6667,92.75,82.33,71,16,5.37
295,Wilmington,US,2022-04-13 17:03:49,34.2257,-77.9447,82.0,52,0,18.41
296,Hasaki,JP,2022-04-13 17:03:50,35.7333,140.8333,57.6,89,68,21.09
297,La Rioja,ES,2022-04-13 17:03:51,42.25,-2.5,56.98,73,99,7.78
298,Yuci,CN,2022-04-13 17:03:51,37.6803,112.7319,51.55,37,0,8.95
299,Buwenge,UG,2022-04-13 17:03:52,0.6422,33.1744,69.19,80,39,3.02
300,Glendive,US,2022-04-13 17:03:53,47.1053,-104.7125,19.76,87,100,27.63
301,Arroyo,ES,2022-04-13 17:03:53,41.6096,-4.7969,62.19,60,40,3.44
302,Devarkonda,IN,2022-04-13 17:03:54,16.7,78.9333,86.99,48,64,14.67
303,Anloga,GH,2022-04-13 17:03:54,5.7947,0.8973,83.16,77,100,10.92
304,Pryazha,RU,2022-04-13 17:03:55,61.6926,33.6216,31.01,95,55,0.83
305,Kurumkan,RU,2022-04-13 17:03:56,54.3,110.3,24.48,70,20,3.71
306,Ailigandi,PA,2022-04-13 17:03:56,9.2333,-78.0167,82.2,82,100,7.99
307,Dvubratskiy,RU,2022-04-13 17:03:57,45.2389,39.805,43.7,67,97,22.62
308,Viedma,AR,2022-04-13 17:03:57,-40.8135,-62.9967,64.83,46,3,13.18
309,Calabozo,VE,2022-04-13 17:03:58,8.9242,-67.4293,97.38,27,74,9.8
310,Ayan,RU,2022-04-13 17:03:59,56.45,138.1667,21.83,72,63,10.63
311,Dubrovka,RU,2022-04-13 17:03:59,53.6907,33.5071,39.85,83,100,14.58
312,Tchamba,TG,2022-04-13 17:04:00,9.0333,1.4167,86.25,53,99,7.2
313,Puerto Baquerizo Moreno,EC,2022-04-13 17:04:01,-0.9,-89.6,83.39,74,20,18.41
314,Nicoya,CR,2022-04-13 17:04:01,10.1483,-85.452,94.98,36,68,6.08
315,Dahra,DZ,2022-04-13 17:04:02,36.2546,0.8519,55.18,77,90,11.03
316,Upernavik,GL,2022-04-13 17:04:03,72.7868,-56.1549,4.84,86,100,9.64
317,Vilani,LV,2022-04-13 17:04:04,56.5525,26.9245,43.92,56,92,3.98
318,Bhaderwah,IN,2022-04-13 17:04:05,32.9784,75.7186,62.42,40,99,2.66
319,Verkh-Usugli,RU,2022-04-13 17:04:06,52.7,115.1667,20.23,78,12,3.15
320,Griffith,US,2022-04-13 17:04:07,41.5284,-87.4237,66.47,90,0,14.97
321,Lengshuijiang,CN,2022-04-13 17:04:07,27.6881,111.4294,59.36,89,94,1.23
322,Souillac,MU,2022-04-13 17:01:28,-20.5167,57.5167,77.29,84,89,20.67
323,Shimoda,JP,2022-04-13 17:05:08,34.6667,138.95,65.1,95,74,5.17
324,Waupun,US,2022-04-13 17:05:09,43.6333,-88.7296,70.74,85,100,14.97
325,Akyab,MM,2022-04-13 17:05:09,20.15,92.9,81.88,80,11,5.99
326,Hualmay,PE,2022-04-13 17:05:09,-11.0964,-77.6139,71.51,71,35,11.18
327,Mudgee,AU,2022-04-13 17:05:10,-32.5943,149.5871,57.25,88,75,4.61
328,San Policarpo,PH,2022-04-13 17:05:10,12.1791,125.5072,74.05,78,100,4.85
329,Koulikoro,ML,2022-04-13 17:05:11,14.0,-7.75,102.94,13,100,14.85
330,Port Macquarie,AU,2022-04-13 17:05:12,-31.4333,152.9167,58.89,79,51,6.04
331,Vrangel,RU,2022-04-13 17:05:13,42.7297,133.0839,38.62,79,100,7.25
332,Manaquiri,BR,2022-04-13 17:05:14,-3.3167,-60.35,88.29,68,99,3.83
333,Ilulissat,GL,2022-04-13 17:05:14,69.2167,-51.1,21.22,86,75,6.91
334,Husavik,IS,2022-04-13 17:05:15,66.0449,-17.3389,39.42,82,45,9.55
335,Marsa Matruh,EG,2022-04-13 17:05:15,31.3525,27.2453,60.6,66,5,12.24
336,Chingirlau,KZ,2022-04-13 17:05:16,51.095,54.0814,64.08,55,32,16.84
337,Allonnes,FR,2022-04-13 17:05:16,47.9674,0.1581,68.04,49,75,2.3
338,Marion,US,2022-04-13 17:04:31,39.7684,-86.1555,66.29,93,100,14.97
339,Talnakh,RU,2022-04-13 17:05:18,69.4865,88.3972,27.32,96,100,6.73
340,Katherine,AU,2022-04-13 17:05:18,-14.4667,132.2667,77.32,78,84,0.0
341,Coahuayana,MX,2022-04-13 17:05:19,18.7333,-103.6833,89.06,42,100,5.64
342,Hofn,IS,2022-04-13 17:05:20,64.2539,-15.2082,39.94,94,100,11.23
343,Orlovskiy,RU,2022-04-13 17:05:21,46.8714,42.0592,42.93,67,75,11.65
344,Pecangakan,ID,2022-04-13 17:05:23,-6.9302,109.1188,78.21,83,35,2.98
345,Along,IN,2022-04-13 17:05:24,28.1667,94.7667,70.09,98,100,1.3
346,Camacupa,AO,2022-04-13 17:05:26,-12.0167,17.4833,68.34,76,100,2.91
347,Saint-Esteve,FR,2022-04-13 17:05:26,42.7131,2.843,60.71,74,0,5.75
348,Trat,TH,2022-04-13 17:05:27,12.5,102.5,78.3,89,100,2.04
349,Moussoro,TD,2022-04-13 17:05:27,13.6408,16.4901,99.3,8,43,8.86
350,Selenginsk,RU,2022-04-13 17:05:27,52.0064,106.8647,30.61,93,24,3.13
351,Boende,CD,2022-04-13 17:05:28,-0.2167,20.8667,74.77,90,69,2.51
352,Oranjestad,AW,2022-04-13 17:05:28,12.524,-70.027,78.84,83,52,25.34
353,Lakatoro,VU,2022-04-13 17:05:28,-16.0999,167.4164,80.1,80,9,7.31
354,Kabala,SL,2022-04-13 17:05:29,9.5833,-11.55,94.44,36,29,8.88
355,Haines Junction,CA,2022-04-13 17:05:29,60.7522,-137.5108,15.3,73,11,2.06
356,Zaliznychne,UA,2022-04-13 17:05:30,45.7489,28.6147,51.44,46,95,16.62
357,Camalu,MX,2022-04-13 17:05:30,30.85,-116.0667,60.67,41,0,5.44
358,Coihaique,CL,2022-04-13 17:01:42,-45.5752,-72.0662,53.49,78,89,7.16
359,Faanui,PF,2022-04-13 17:05:31,-16.4833,-151.75,81.07,75,11,15.08
360,Oktyabrskiy,RU,2022-04-13 17:05:31,54.4815,53.471,45.59,88,99,4.14
361,Henties Bay,NA,2022-04-13 17:05:31,-22.116,14.2845,63.27,81,27,10.71
362,Auburn,US,2022-04-13 17:05:32,47.3073,-122.2284,42.71,83,100,1.99
363,Maputo,MZ,2022-04-13 17:05:32,-25.9653,32.5892,80.28,83,20,13.8
364,Atambua,ID,2022-04-13 17:05:32,-9.1061,124.8925,72.99,87,100,3.74
365,Los Llanos De Aridane,ES,2022-04-13 17:05:33,28.6585,-17.9182,64.15,91,40,14.97
366,Rio Tercero,AR,2022-04-13 17:06:33,-32.173,-64.1141,73.45,15,23,5.99
367,Tarauaca,BR,2022-04-13 17:06:35,-8.1614,-70.7656,82.78,85,88,4.05
368,Ulaangom,MN,2022-04-13 17:06:35,49.9811,92.0667,30.09,43,100,4.03
369,Jumla,NP,2022-04-13 17:06:36,29.2747,82.1838,51.69,68,30,5.39
370,Abu Dhabi,AE,2022-04-13 17:01:58,24.4667,54.3667,86.97,45,84,5.82
371,Swift Current,CA,2022-04-13 17:04:55,50.2834,-107.8014,16.61,79,100,19.57
372,Tyukalinsk,RU,2022-04-13 17:06:37,55.8732,72.1967,46.22,59,93,12.48
373,Macamic,CA,2022-04-13 17:06:37,48.7502,-78.9996,44.62,65,100,4.94
374,Kandrian,PG,2022-04-13 17:06:38,-6.2167,149.55,77.25,88,46,3.04
375,Panaba,MX,2022-04-13 17:06:38,21.2833,-88.2667,95.34,36,83,17.07
376,Saint-Francois,FR,2022-04-13 17:06:38,46.4154,3.9054,63.68,66,0,8.05
377,Fuengirola,ES,2022-04-13 17:06:39,36.54,-4.6247,71.85,47,20,17.27
378,Gazojak,TM,2022-04-13 17:06:39,41.1875,61.4036,77.41,23,6,11.9
379,Pinotepa Nacional,MX,2022-04-13 17:06:39,16.3167,-98.0167,92.17,37,72,7.81
380,Ejido,VE,2022-04-13 17:06:40,8.5514,-71.2375,83.14,49,93,5.61
381,Jacksonville,US,2022-04-13 17:03:22,30.3322,-81.6556,84.42,58,40,12.66
382,Lazaro Cardenas,MX,2022-04-13 17:06:41,17.9583,-102.2,83.77,60,100,6.04
383,Nazas,MX,2022-04-13 17:06:41,25.2333,-104.1333,74.41,16,0,2.15
384,Byron Bay,AU,2022-04-13 17:06:41,-28.65,153.6167,60.94,81,100,11.72
385,Lokosovo,RU,2022-04-13 17:06:42,61.1333,74.8167,32.31,94,93,4.92
386,Ewo,CG,2022-04-13 17:06:42,-0.8725,14.8206,72.66,96,78,3.65
387,Miri,MY,2022-04-13 17:06:43,4.4148,114.0089,77.65,86,93,1.43
388,Nabire,ID,2022-04-13 17:06:43,-3.3667,135.4833,76.01,92,92,4.12
389,Ribeira Grande,PT,2022-04-13 17:06:43,38.5167,-28.7,64.8,72,40,23.02
390,Tambura,SS,2022-04-13 17:06:44,5.6,27.4667,77.5,64,81,0.78
391,Conde,BR,2022-04-13 17:06:44,-7.2597,-34.9075,87.26,58,40,8.05
392,Viterbo,IT,2022-04-13 17:06:45,42.4167,12.0833,65.32,72,100,3.6
393,Jarwal,IN,2022-04-13 17:06:46,27.1667,81.55,91.56,12,2,8.88
394,Pevek,RU,2022-04-13 17:06:47,69.7008,170.3133,-5.35,95,89,0.65
395,Comodoro Rivadavia,AR,2022-04-13 17:06:47,-45.8667,-67.5,67.86,40,0,13.8
396,Karasjok,NO,2022-04-13 17:06:48,69.4719,25.5112,28.15,90,100,2.51
397,Misratah,LY,2022-04-13 17:06:48,32.3754,15.0925,65.08,65,100,24.38
398,Dongsheng,CN,2022-04-13 17:06:48,39.8161,109.9776,38.77,24,100,11.21
399,Tautira,PF,2022-04-13 17:06:49,-17.7333,-149.15,80.42,78,24,21.03
400,Talusan,PH,2022-04-13 17:06:49,7.4267,122.8103,80.76,74,96,6.15
401,Wloszczowa,PL,2022-04-13 17:06:35,50.8526,19.9659,54.66,55,22,6.8
402,Mayo,US,2022-04-13 17:06:49,38.8876,-76.5119,84.67,60,0,10.0
403,Dakar,SN,2022-04-13 17:06:50,14.6937,-17.4441,79.68,85,15,15.26
404,Kaliua,TZ,2022-04-13 17:06:50,-5.0606,31.7936,73.8,72,100,3.51
405,Lakes Entrance,AU,2022-04-13 17:06:52,-37.8811,147.981,53.73,89,5,5.08
406,Antofagasta,CL,2022-04-13 17:06:52,-23.65,-70.4,63.68,68,7,7.83
407,Tarare,FR,2022-04-13 17:06:53,45.8976,4.4327,64.42,62,71,3.0
408,Batagay-Alyta,RU,2022-04-13 17:06:53,67.8006,130.4114,-6.05,100,100,2.89
409,Lai,TD,2022-04-13 17:02:14,9.3952,16.2989,97.27,26,75,2.28
410,Castro,BR,2022-04-13 17:02:42,-24.7911,-50.0119,69.57,87,100,6.85
411,Pampas,PE,2022-04-13 17:07:54,-12.4,-74.9,63.81,48,50,6.78
412,Semnan,IR,2022-04-13 17:07:55,35.5729,53.3971,72.28,20,19,4.7
413,Luena,AO,2022-04-13 17:04:19,-11.7833,19.9167,70.75,75,100,0.96
414,Talara,PE,2022-04-13 17:07:56,-4.5772,-81.2719,83.16,51,0,20.71
415,Alice Springs,AU,2022-04-13 17:05:19,-23.7,133.8833,69.22,32,0,1.14
416,Tobol,KZ,2022-04-13 17:07:57,52.6844,62.5794,54.68,73,45,10.33
417,Saint-Pierre,RE,2022-04-13 17:07:57,-21.3393,55.4781,74.88,94,100,19.57
418,Mahibadhoo,MV,2022-04-13 17:07:58,3.7833,72.9667,84.7,74,100,14.72
419,Calbuco,CL,2022-04-13 17:07:59,-41.768,-73.1273,58.21,73,6,5.08
420,Talcahuano,CL,2022-04-13 17:08:00,-36.7167,-73.1167,67.68,37,0,13.8
421,Qasigiannguit,GL,2022-04-13 17:08:00,68.8193,-51.1922,21.45,90,100,6.4
422,Svetlyy,RU,2022-04-13 17:08:01,54.675,20.1347,50.05,60,97,6.46
423,Mount Pleasant,US,2022-04-13 17:08:02,32.7941,-79.8626,81.3,62,40,14.97
424,Nejdek,CZ,2022-04-13 17:08:03,50.3224,12.7294,63.05,55,0,5.75
425,Halifax,CA,2022-04-13 17:07:48,44.6453,-63.5724,58.68,33,8,17.0
426,Port Lincoln,AU,2022-04-13 17:08:04,-34.7333,135.8667,68.31,72,100,5.5
427,Miyang,CN,2022-04-13 17:08:04,24.4042,103.4428,64.35,62,15,2.39
428,Vao,NC,2022-04-13 17:08:04,-22.6667,167.4833,75.04,68,5,0.94
429,Acapulco,MX,2022-04-13 17:08:05,16.8634,-99.8901,93.02,43,20,16.11
430,Yar-Sale,RU,2022-04-13 17:08:06,66.8333,70.8333,33.67,100,100,4.27
431,Luau,AO,2022-04-13 17:08:07,-10.7073,22.2247,70.92,81,57,2.3
432,Asfi,MA,2022-04-13 17:08:08,32.2994,-9.2372,64.33,64,4,26.53
433,Sicuani,PE,2022-04-13 17:08:09,-14.2694,-71.2261,61.5,29,43,6.2
434,Zhangjiakou,CN,2022-04-13 17:08:10,40.81,114.8794,44.78,35,35,10.38
435,Yerbogachen,RU,2022-04-13 17:08:15,61.2767,108.0108,29.25,95,100,17.22
436,Pocone,BR,2022-04-13 17:04:04,-16.2567,-56.6228,89.55,55,68,4.18
437,Maarianhamina,AX,2022-04-13 17:08:16,60.0973,19.9348,39.06,81,0,9.22
438,Neryungri,RU,2022-04-13 17:08:17,56.6709,124.6491,7.74,97,95,3.38
439,Catamarca,AR,2022-04-13 17:08:22,-28.4696,-65.7852,70.77,70,81,5.99
440,Sofia,BG,2022-04-13 17:08:23,42.6975,23.3242,58.69,33,0,10.36
441,Westport,US,2022-04-13 17:08:24,41.1415,-73.3579,72.95,45,95,5.23
442,Poum,NC,2022-04-13 17:08:25,-20.2333,164.0167,76.53,72,0,9.06
443,Praia Da Vitoria,PT,2022-04-13 17:06:13,38.7333,-27.0667,64.76,86,96,23.53
444,Lucapa,AO,2022-04-13 17:08:26,-8.4192,20.7447,71.42,87,99,3.13
445,Golden,US,2022-04-13 17:08:07,39.7555,-105.2211,39.7,28,72,13.0
446,Khamaria,IN,2022-04-13 17:08:27,23.2167,79.8833,93.36,17,74,4.45
447,Aboisso,CI,2022-04-13 17:08:27,5.4678,-3.2071,80.42,80,100,6.29
448,Klaksvik,FO,2022-04-13 17:08:28,62.2266,-6.589,45.52,88,99,15.17
449,Lusambo,CD,2022-04-13 17:08:28,-4.9667,23.45,82.99,54,97,2.35
450,Geraldton,AU,2022-04-13 17:08:29,-28.7667,114.6,61.21,88,0,8.05
451,Druzhba,UA,2022-04-13 17:08:29,52.0428,33.9453,42.01,92,100,17.29
452,Udachnyy,RU,2022-04-13 17:08:29,66.4167,112.4,23.45,92,100,4.36
453,Nhulunbuy,AU,2022-04-13 17:08:30,-12.2333,136.7667,79.41,94,40,4.61
454,Joshimath,IN,2022-04-13 17:08:30,30.5667,79.5667,56.25,74,80,4.32
455,Litovko,RU,2022-04-13 17:08:31,49.2361,135.1742,22.78,95,23,1.3
456,Loughton,GB,2022-04-13 17:09:31,52.0304,-0.7864,62.17,68,20,12.66
457,Lanxi,CN,2022-04-13 17:09:31,29.2195,119.477,60.67,91,100,3.18
458,Kampong Thum,KH,2022-04-13 17:09:32,12.7111,104.8887,82.63,68,68,1.74
459,Quelimane,MZ,2022-04-13 17:09:32,-17.8786,36.8883,75.34,92,8,4.94
460,Bratsk,RU,2022-04-13 17:09:33,56.1325,101.6142,28.89,91,51,4.18
461,San Patricio,US,2022-04-13 17:09:33,28.017,-97.5169,87.89,60,100,9.98
462,Lagoa,PT,2022-04-13 17:09:35,39.05,-27.9833,59.74,81,61,32.12
463,Saint Anthony,US,2022-04-13 17:08:06,45.0205,-93.218,39.24,86,100,19.57
464,Juba,SS,2022-04-13 17:09:36,4.8517,31.5825,84.13,48,85,5.84
465,Erdenet,MN,2022-04-13 17:09:37,49.0333,104.0833,17.22,91,98,6.51
466,Pisz,PL,2022-04-13 17:09:37,53.6274,21.8125,49.73,53,56,3.98
467,Shubarkuduk,KZ,2022-04-13 17:09:37,49.1447,56.4872,61.74,54,91,16.46
468,Ogbomosho,NG,2022-04-13 17:09:38,8.133,4.25,70.43,92,96,6.71
469,Broome,US,2022-04-13 17:09:38,42.2506,-75.833,75.02,54,75,14.97
470,Tairua,NZ,2022-04-13 17:09:39,-37.0167,175.85,53.98,80,100,6.13
471,Buchanan,LR,2022-04-13 17:09:39,5.8808,-10.0467,82.11,76,71,9.15
472,Fatsa,TR,2022-04-13 17:09:39,41.0278,37.5014,46.2,77,33,0.67
473,Camiri,BO,2022-04-13 17:09:40,-20.05,-63.5167,68.11,88,100,5.19
474,Tuatapere,NZ,2022-04-13 17:09:40,-46.1333,167.6833,43.81,89,79,5.12
475,Mitsamiouli,KM,2022-04-13 17:09:41,-11.3847,43.2844,82.44,75,73,8.03
476,Jiangyou,CN,2022-04-13 17:09:41,31.7667,104.7167,62.02,80,100,5.14
477,Miramar,US,2022-04-13 17:09:42,25.9873,-80.2323,84.02,61,75,18.41
478,Cabedelo,BR,2022-04-13 17:05:31,-6.9811,-34.8339,88.47,62,91,7.67
479,Huarmey,PE,2022-04-13 17:09:42,-10.0681,-78.1522,72.52,72,8,12.41
480,Golubitskaya,RU,2022-04-13 17:09:43,45.3222,37.2822,43.21,86,100,26.26
481,Pandan,PH,2022-04-13 17:09:43,14.0453,124.1694,77.13,82,99,5.84
482,Beihai,CN,2022-04-13 17:09:44,21.4833,109.1,75.34,80,0,6.51
483,Faya,SA,2022-04-13 17:09:44,18.3851,42.4509,70.32,38,5,1.81
484,Nantucket,US,2022-04-13 17:09:44,41.2835,-70.0995,62.74,65,0,13.8
485,Rovaniemi,FI,2022-04-13 17:09:45,66.5,25.7167,40.41,56,0,9.22
486,Correntina,BR,2022-04-13 17:09:46,-13.3433,-44.6367,90.0,41,54,1.97
487,Paamiut,GL,2022-04-13 17:09:46,61.994,-49.6678,31.35,81,96,18.95
488,Marsh Harbour,BS,2022-04-13 17:09:47,26.5412,-77.0636,76.21,60,37,16.42
489,Yurino,RU,2022-04-13 17:09:47,56.2942,46.3039,44.65,95,100,2.91
490,Beira,MZ,2022-04-13 17:09:48,-19.8436,34.8389,78.08,89,28,7.81
491,Nador,MA,2022-04-13 17:09:48,35.174,-2.9287,64.65,68,20,14.97
492,Aasiaat,GL,2022-04-13 17:09:48,68.7098,-52.8699,12.22,88,100,13.69
493,Inuvik,CA,2022-04-13 17:09:49,68.3499,-133.7218,11.16,72,75,8.05
494,Ariquemes,BR,2022-04-13 17:09:49,-9.9133,-63.0408,89.55,60,73,2.24
495,Lac Du Bonnet,CA,2022-04-13 17:09:50,50.2536,-96.0612,32.16,96,100,17.85
496,Goure,NE,2022-04-13 17:09:38,13.9835,10.2704,99.21,11,20,4.18
497,Bolshoye Nagatkino,RU,2022-04-13 17:09:51,54.5196,47.9679,41.67,97,41,7.47
498,Anaco,VE,2022-04-13 17:09:52,9.4389,-64.4728,96.19,28,69,11.59
499,Concordia,AR,2022-04-13 17:09:52,-31.393,-58.0209,69.87,40,0,16.11
500,Havre-Saint-Pierre,CA,2022-04-13 17:09:53,50.2334,-63.5986,35.2,91,95,5.41
501,Sao Felix Do Xingu,BR,2022-04-13 17:09:53,-6.6447,-51.995,90.46,53,67,1.99
502,Skelleftea,SE,2022-04-13 17:06:31,64.7507,20.9528,43.16,56,0,5.75
503,Tim,RU,2022-04-13 17:10:54,51.6222,37.1244,54.19,68,100,16.84
504,Gornopravdinsk,RU,2022-04-13 17:10:54,60.05,69.9,36.37,93,89,7.45
505,Sabha,LY,2022-04-13 17:10:55,27.0377,14.4283,94.96,6,56,8.61
506,Killam,CA,2022-04-13 17:10:55,52.7834,-111.8518,15.58,54,100,12.59
507,Tual,ID,2022-04-13 17:10:55,-5.6667,132.75,83.32,76,96,6.69
508,Brandon,US,2022-04-13 17:10:56,27.9378,-82.2859,84.52,59,75,6.91
509,Cairo,EG,2022-04-13 17:10:56,30.0626,31.2497,70.56,45,0,14.97
510,Potrerillos,HN,2022-04-13 17:10:57,15.2333,-87.9667,93.67,35,68,2.86
511,Fevik,NO,2022-04-13 17:10:57,58.3794,8.6766,44.37,89,100,13.67
512,Daura,NG,2022-04-13 17:10:58,11.5538,11.4085,94.08,26,83,1.34
513,Veseloyarsk,RU,2022-04-13 17:10:58,51.2836,81.1056,44.58,60,0,18.75
514,Praia,CV,2022-04-13 17:10:30,14.9215,-23.5087,75.74,57,20,19.57
515,Rabo De Peixe,PT,2022-04-13 17:10:59,37.8,-25.5833,63.91,77,75,21.85
516,Koupela,BF,2022-04-13 17:10:59,12.1794,-0.3517,103.35,17,55,2.24
517,Kayerkan,RU,2022-04-13 17:10:59,69.3497,87.7602,28.53,100,100,11.3
518,Baiyin,CN,2022-04-13 17:11:00,36.5583,104.2081,42.19,73,100,6.71
519,Lishan,CN,2022-04-13 17:11:00,31.8576,113.2951,52.11,68,18,6.02
520,Muravlenko,RU,2022-04-13 17:11:01,63.7898,74.523,31.21,93,97,11.74
521,Amurzet,RU,2022-04-13 17:11:01,47.6967,131.0981,32.0,58,6,2.68
522,Camana,PE,2022-04-13 17:11:01,-16.6228,-72.7111,70.81,71,46,10.13
523,Manzanillo,CU,2022-04-13 17:11:02,20.3433,-77.1167,91.35,42,6,3.2
524,Cumpas,MX,2022-04-13 17:11:02,29.9833,-109.7833,68.02,22,0,2.57
525,Senno,RU,2022-04-13 17:11:03,59.5336,33.9167,33.08,95,22,2.51
526,Voi,KE,2022-04-13 17:11:03,-3.3945,38.563,77.47,67,92,10.54
527,Andros Town,BS,2022-04-13 17:11:04,24.7,-77.7667,80.56,62,91,17.54
528,Lulea,SE,2022-04-13 17:11:04,65.5842,22.1547,35.67,80,0,8.05
529,Lompoc,US,2022-04-13 17:11:04,34.6391,-120.4579,64.56,37,0,13.8
530,Broken Hill,AU,2022-04-13 17:11:05,-31.95,141.4333,59.47,35,0,8.28
531,Mayumba,GA,2022-04-13 17:11:05,-3.432,10.6554,78.85,83,69,9.37
532,Esil,KZ,2022-04-13 17:11:06,51.9556,66.4042,52.9,56,12,8.25
533,Esteli,NI,2022-04-13 17:11:06,13.0919,-86.3538,87.06,32,94,8.48
534,Brae,GB,2022-04-13 17:11:07,60.3964,-1.353,45.16,74,100,15.64
535,Ryotsu,JP,2022-04-13 17:11:07,38.0833,138.4333,48.33,82,99,15.66
536,Pokotylivka,UA,2022-04-13 17:11:08,49.9153,36.1772,54.77,78,95,13.38
537,Tamiahua,MX,2022-04-13 17:11:08,21.2667,-97.45,90.12,55,92,9.82
538,Savonlinna,FI,2022-04-13 17:11:08,61.8699,28.88,42.85,45,0,4.61
539,Nurobod,UZ,2022-04-13 17:11:09,40.9056,69.8023,63.72,65,0,1.43
540,Khandbari,NP,2022-04-13 17:11:10,27.3747,87.2039,70.84,76,62,4.56
541,Kyzyl-Suu,KG,2022-04-13 17:11:10,42.3414,78.0056,51.01,61,79,3.83
542,Hambantota,LK,2022-04-13 17:11:10,6.1241,81.1185,81.0,80,59,11.23
543,Lira,UG,2022-04-13 17:11:11,2.235,32.9097,74.44,58,84,2.71
544,Seda,LV,2022-04-13 17:11:11,57.65,25.75,47.05,59,87,3.69
545,Kushima,JP,2022-04-13 17:11:12,31.4583,131.2333,66.83,97,47,6.08
546,Mehamn,NO,2022-04-13 17:11:12,71.0357,27.8492,28.31,82,92,5.21
547,Neuquen,AR,2022-04-13 17:08:01,-38.9516,-68.0591,67.89,32,0,6.91
548,Tessalit,ML,2022-04-13 17:12:13,20.1986,1.0114,99.39,3,7,15.55
549,Luanda,AO,2022-04-13 17:11:06,-8.8368,13.2343,78.8,89,75,4.61
550,Guarapari,BR,2022-04-13 17:12:13,-20.6667,-40.4975,87.89,67,74,8.79
551,Imbituba,BR,2022-04-13 17:12:14,-28.24,-48.6703,73.98,87,79,8.52
552,Sanming,CN,2022-04-13 17:12:14,26.2486,117.6186,63.91,93,72,3.47
553,Awjilah,LY,2022-04-13 17:12:15,29.1081,21.2869,76.53,15,5,15.57
554,Dinguiraye,GN,2022-04-13 17:12:15,11.3,-10.7167,100.0,14,63,6.13
